<?xml version="1.0" encoding="UTF-8"?>
<project-private xmlns="http://www.netbeans.org/ns/project-private/1">
    <editor-bookmarks xmlns="http://www.netbeans.org/ns/editor-bookmarks/2" lastBookmarkId="0"/>
    <open-files xmlns="http://www.netbeans.org/ns/projectui-open-files/2">
        <group>
            <file>file:/D:/spring-templating/web/WEB-INF/dispatcher-servlet.xml</file>
            <file>file:/D:/spring-templating/src/java/com/amikom/controller/HelloController.java</file>
            <file>file:/D:/spring-templating/web/WEB-INF/jsp/hello.jsp</file>
            <file>file:/D:/spring-templating/web/WEB-INF/index.jsp</file>
            <file>file:/D:/spring-templating/web/assets/theme1/index.html</file>
        </group>
    </open-files>
</project-private>
