<?xml version='1.0' encoding='UTF-8' ?>
<!-- was: <?xml version="1.0" encoding="UTF-8"?> -->
<beans xmlns="http://www.springframework.org/schema/beans"
       xmlns:xsi="http://www.w3.org/2001/XMLSchema-instance"
       xmlns:p="http://www.springframework.org/schema/p"
       xmlns:aop="http://www.springframework.org/schema/aop"
       xmlns:tx="http://www.springframework.org/schema/tx"
       xmlns:context="http://www.springframework.org/schema/context"
       xmlns:mvc="http://www.springframework.org/schema/mvc"
       xsi:schemaLocation="http://www.springframework.org/schema/beans http://www.springframework.org/schema/beans/spring-beans-4.0.xsd
       http://www.springframework.org/schema/aop http://www.springframework.org/schema/aop/spring-aop-4.0.xsd
       http://www.springframework.org/schema/tx http://www.springframework.org/schema/tx/spring-tx-4.0.xsd
       http://www.springframework.org/schema/context http://www.springframework.org/schema/context/spring-context.xsd
       http://www.springframework.org/schema/mvc http://www.springframework.org/schema/mvc/spring-mvc.xsd">
    
    <context:component-scan base-package="com.amikom.controller"/>
    <mvc:annotation-driven/>
    <mvc:resources mapping="/src/**" location="/assets/theme1/"/>
    
    <bean id="viewResolver"
           class="org.springframework.web.servlet.view.InternalResourceViewResolver"
           p:prefix="/WEB-INF/jsp/"
           p:suffix=".jsp" />

    <!--<bean class="org.springframework.web.servlet.mvc.support.ControllerClassNameHandlerMapping"/>-->

    <!--
    Most controllers will use the ControllerClassNameHandlerMapping above, but
    for the index controller we are using ParameterizableViewController, so we must
    define an explicit mapping for it.
    -->
    <!--    <bean id="urlMapping" class="org.springframework.web.servlet.handler.SimpleUrlHandlerMapping">
        <property name="mappings">
            <props>
                <prop key="index">indexController</prop>
            </props>
        </property>
    </bean>-->

   

    <!--
    The index controller.
    -->
    <!--    <bean name="indexController"
    class="org.springframework.web.servlet.mvc.ParameterizableViewController"
    p:viewName="index" />-->

</beans>
